,AAPL,WMT,TSLA,AMZN,GE,DB
AAPL,0.08102767183126515,0.018664022141225246,0.06890274603871988,0.051760886878160724,0.03353883477194136,0.03678763534211206
WMT,0.018664022141225246,0.0446188696941195,0.0193639216442912,0.01750301639038946,0.012509000242224674,0.013176257131830807
TSLA,0.06890274603871988,0.0193639216442912,0.3249601609236261,0.07308414130692212,0.046770839220797646,0.05578041593279221
AMZN,0.051760886878160724,0.01750301639038946,0.07308414130692212,0.10666373919879078,0.029134907750262465,0.03485126329852384
GE,0.03353883477194136,0.012509000242224674,0.046770839220797646,0.029134907750262465,0.12260971552030465,0.060797415481372755
DB,0.03678763534211206,0.013176257131830807,0.05578041593279221,0.03485126329852384,0.060797415481372755,0.16421077050655264
