Metric,Value
Return,0.21255012781257668
Volatility,0.2105540384460577
Sharpe Ratio,1.0094801761165477
