,AAPL,WMT,TSLA,AMZN,GE,DB
AAPL,0.08102769014174209,0.018664018454699276,0.06890270695024091,0.0517608660652725,0.033538783957047485,0.03678765278623913
WMT,0.018664018454699276,0.0446188938452558,0.01936393744301087,0.017503009987841465,0.012509029353695633,0.013176326957091464
TSLA,0.06890270695024091,0.01936393744301087,0.3249601609236261,0.07308414130692212,0.04677082519163717,0.05578041907457619
AMZN,0.0517608660652725,0.017503009987841465,0.07308414130692212,0.10666373919879078,0.029134886796988595,0.03485127299600161
GE,0.033538783957047485,0.012509029353695633,0.04677082519163717,0.029134886796988595,0.12260968080794822,0.06079740912585677
DB,0.03678765278623913,0.013176326957091464,0.05578041907457619,0.03485127299600161,0.06079740912585677,0.1642107413954599
