Metric,Value
Return,0.21241493070755238
Volatility,0.21042017920808542
Sharpe Ratio,1.0094798488765393
