method,beta,cov_stock_market,var_market
covariance,0.7135069201267341,0.0009375436692273298,0.0013139937998930718
