metric,value
beta,0.7135069201267341
alpha,-0.00065458626790503
expected_return,0.09011296376602615
